"TAC","MODEL_ID","MANU_ID","MODEL_NAME","MANU_NAME"
"35216705","M133473","C10385","GT-N7000","三星                                       "
"35826805","M130605","C10385","GALAXYGRANDGT-I9082","三星                            "
"86705502","M109368","C10197","BEST SONNY LT416","华森                               "
"35746602","M124693","C10723","DX310","大显                                          "
"86550202","M137290","C10150","HUAWEIY330-C00","华为                                 "
"35573501","M129957","C99001","G2998","NOTKNOWN                                      "
"86431501","M159006","C10787","S9210","知己迅联                                      "
"35580703","M157196","C99001","RESTARM10","NOTKNOWN                                  "
"86173203","M181898","C10150","HUAWEI TAG-AL00","华为                                "
"86984600","M164426","C10242","SUNUPLI777","三普                                     "
"35912004","M136812","C10336","HTCA310E","宏达                                       "
"86812300","M165908","C10586","T9989","天时达                                        "
"86018601","M162919","C10098","SOXNSD-538","索信                                     "
"86010000","M176365","C10199","ZTE-TA380","中兴                                      "
"35423602","M128832","C10621","FN3210","埃立特                                       "
"86258900","M128598","C10526","FDTC801","锋达通                                      "
"35440205","M102533","C10385","GT-I9260","三星                                       "
"35428605","M102534","C10385","GT-I9268","三星                                       "
"35751305","M102546","C10385","GT-N7100","三星                                       "
"35376905","M102546","C10385","GT-N7100","三星                                       "
"35386705","M102547","C10385","GT-N7102","三星                                       "
"35698105","M102558","C10385","GT-S5831I","三星                                      "
"86818801","M108127","C10199","ZTE U879","中兴                                       "
"01362500","M100136","C10135","A1429","苹果                                          "
"99000284","M100136","C10135","A1429","苹果                                          "
"01347800","M100136","C10135","A1429","苹果                                          "
"01347100","M100136","C10135","A1429","苹果                                          "
"01346800","M100136","C10135","A1429","苹果                                          "
"35884305","M100144","C10135","A1530","苹果                                          "
"86559402","M103866","C10741","K-TOUCH TOU CH3","天语                                "
"35925206","M100148","C10135","A1586","苹果                                          "
"35681406","M103176","C10336","HTC D820T","宏达                                      "
"86740402","M108868","C10129","VIVO X5MAX+","维沃                                    "
"35188205","M103207","C10336","HTC T320E","宏达                                      "
"86665702","M103237","C10150","HUAWEI ALE-UL00","华为                                "
"86259402","M103279","C10150","HUAWEI G610-T11","华为                                "
"86552802","M103304","C10150","HUAWEI G750-T01","华为                                "
"86489202","M105402","C10235","OPPO R7007","欧珀                                     "
"86592002","M105413","C10235","OPPO R8107","欧珀                                     "
"86707001","M105420","C10235","OPPO R817","欧珀                                      "
"86729500","M105465","C10627","OPSSON IVO 6655","博力信                              "
"86812801","M101341","C10333","COOLPAD 8190","酷派                                   "
"86234302","M101344","C10333","COOLPAD 8198T","酷派                                  "
"86659802","M101366","C10333","COOLPAD 8690-T00","酷派                               "
"86451802","M101368","C10333","COOLPAD 8702","酷派                                   "
"86513602","M101379","C10333","COOLPAD 8720L","酷派                                  "
"86317002","M101383","C10333","COOLPAD 8730L","酷派                                  "
"86070302","M101398","C10333","COOLPAD 9150W","酷派                                  "
"86102200","M103327","C10150","HUAWEI P6-T00","华为                                  "
"86829901","M103346","C10150","HUAWEI T8833","华为                                   "
"35988206","M106159","C10385","SM-A7000","三星                                       "
"86113102","M105027","C10438","MZT003","明智通                                       "
"86261701","M107375","C10465","VAJITA 5S","万金塔                                    "
"35876505","M100139","C10135","A1518","苹果                                          "
"35835406","M100140","C10135","A1524","苹果                                          "
"35443906","M100140","C10135","A1524","苹果                                          "
"35438206","M100140","C10135","A1524","苹果                                          "
"35877805","M100142","C10135","A1528","苹果                                          "
"35876705","M100142","C10135","A1528","苹果                                          "
"35869905","M100142","C10135","A1528","苹果                                          "
"86357502","M103796","C10741","K-TOUCH KIS 7","天语                                  "
"86499002","M105174","C10428","NOAIN M11","微兴                                      "
"86662402","M100061","C10035","2014915","小米                                        "
"35535505","M130618","C10385","GALAXYSDUOSGT-S7562","三星                            "
"86205900","M124498","C10125","DT700E(ET)","大唐                                     "
"86462500","M135054","C10537","GUOLITONGGD356","国力通                               "
"01359800","M112489","C10135","A1387","苹果                                          "
"01326500","M109613","C10135","IPHONE4(A1332)","苹果                                 "
"01327600","M109613","C10135","IPHONE4(A1332)","苹果                                 "
"86694602","M109482","C10150","PLK-AL10","华为                                       "
"35395207","M109498","C10385","SM-A8000","三星                                       "
"35995006","M109499","C10385","SM-J5008","三星                                       "
"86875200","M115546","C10787","ATL9999","知己迅联                                    "
"86879101","M119737","C10925","C8715M","ACT                                          "
"86023303","M189468","C14794","H88","宏润                                            "
"35479504","M133355","C10385","GT-I9000","三星                                       "
"35586306","M123035","C11424","D500,T999,T888,E1203","ZHT                            "
"35543907","M189397","C10135","A1723","苹果                                          "
"35442406","M177902","C10135","IPAD(A1567)","苹果                                    "
"35991205","M102515","C10385","GT-I9082C","三星                                      "
"35842505","M102519","C10385","GT-I9118","三星                                       "
"86999801","M105756","C10012","QIANGZHE P5","强者                                    "
"99000086","M177920","C10135","IPHONE4S(A1387)","苹果                                "
"99000103","M177920","C10135","IPHONE4S(A1387)","苹果                                "
"86559900","M168398","C10363","U9P99","东铁通讯                                      "
"35802105","M162415","C10385","SM-N900","三星                                        "
"35257107","M162455","C10385","SM-N9200","三星                                       "
"35379908","M181391","C10135","IPHONE6S(A1688)","苹果                                "
"86167001","MC00187","C10332","夏新 N89","夏新                                       "
"35705304","M161437","C10385","SHW-M110S","三星                                      "
"35935304","MC00393","C10825","LT18I","索尼爱立信                                    "
"01264500","MC00045","C10135","A1332","苹果                                          "
"01285000","MC00045","C10135","A1332","苹果                                          "
"01285100","MC00045","C10135","A1332","苹果                                          "
"01296100","MC00045","C10135","A1332","苹果                                          "
"01284400","MC00045","C10135","A1332","苹果                                          "
"01265800","MC00045","C10135","A1332","苹果                                          "
"01295700","MC00045","C10135","A1332","苹果                                          "
"01254600","MC00045","C10135","A1332","苹果                                          "
"86996300","MC00129","C10235","U555","欧珀                                           "
"01360200","MC00046","C10135","A1431","苹果                                          "
"35334507","M179619","C10135","A1700","苹果                                          "
"86183703","M190626","C10129","VIVO XPLAY5A","维沃                                   "
"86976502","M190626","C10129","VIVO XPLAY5A","维沃                                   "
"86783502","M179724","C10772","G666","恒语                                           "
"86768802","M179726","C14499","GM520","铂云                                          "
"86079900","M179506","C10252","VOGOM6","沃歌                                         "
"86833201","M104446","C10231","LENOVO A278T","联想                                   "
"35819505","M106171","C10385","SM-G3508","三星                                       "
"86868600","M106511","C10322","T-SMART D18","天迈                                    "
"86706401","M100019","C10035","2012061","小米                                        "
"86262002","M100023","C10035","2013012","小米                                        "
"86347202","M100024","C10035","2013021","小米                                        "
"86431202","M100025","C10035","2013022","小米                                        "
"86067102","M100025","C10035","2013022","小米                                        "
"86542402","M100028","C10035","2013029","小米                                        "
"86031102","M100030","C10035","2013061","小米                                        "
"86679602","M108894","C10129","VIVO Y23L","维沃                                      "
"86431902","M108936","C10569","WEIIMI M5","唯米                                      "
"86031502","M101775","C10232","DXUAN G5","榬u                                       "
"86113602","M101805","C10263","E689","欧怡                                           "
"86323002","M104454","C10231","LENOVO A308T","联想                                   "
"86244302","M104456","C10231","LENOVO A318T","联想                                   "
"86088202","M104492","C10231","LENOVO A398T","联想                                   "
"86337702","M104516","C10231","LENOVO A628T","联想                                   "
"86352502","M104525","C10231","LENOVO A670T","联想                                   "
"86541101","M104540","C10231","LENOVO A750","联想                                    "
"86526602","M104547","C10231","LENOVO A768T","联想                                   "
"86417802","M104622","C10231","LENOVO S810T","联想                                   "
"86218602","M104637","C10231","LENOVO S898T","联想                                   "
"86557902","M106790","C10564","TCL P306C","TCL                                       "
"86502701","M106795","C10564","TCL P500M","TCL                                       "
"86492502","M104712","C10028","M111","米图                                           "
"86054800","M104719","C10125","M28","大唐                                            "
"86653602","M104740","C10038","M465M","魅族                                          "
"35296606","M106180","C10385","SM-G3568V","三星                                      "
"35801606","M106185","C10385","SM-G3608","三星                                       "
"86365402","M102738","C10150","H30-T10","华为                                        "
"86701902","M101074","C10267","CYM1","天宏                                           "
"86420500","M176813","C10722","CALLBARF688","闻讯                                    "
"86879302","M183381","C14651","U7","悠唐                                             "
"86937801","M104139","C10394","KXD I9300","优友                                      "
"35858405","M106224","C10385","SM-N9008V","三星                                      "
"35712805","M106225","C10385","SM-N9009","三星                                       "
"86365502","M103390","C10150","HUAWEI Y511-T00","华为                                "
"86774200","M103391","C10150","HUAWEI Y511-U00","华为                                "
"86599402","M104259","C10725","LA4-L","电意                                          "
"86460102","M105562","C10150","PE-TL10","华为                                        "
"86559902","M106352","C10312","SUNVAN S8888","尚锋                                   "
"86902302","M183373","C14496","SS1-03","IVVI                                         "
"35819805","M102509","C10385","GT-I8552","三星                                       "
"35340206","M102509","C10385","GT-I8552","三星                                       "
"35979705","M102510","C10385","GT-I8558","三星                                       "
"35579305","M102523","C10385","GT-I9128V","三星                                      "
"86832000","M174490","C10505","YOORDP500","优尔得                                    "
"99000105","M177920","C10135","IPHONE4S(A1387)","苹果                                "
"01306900","M177920","C10135","IPHONE4S(A1387)","苹果                                "
"99000265","M177920","C10135","IPHONE4S(A1387)","苹果                                "
"35909205","M162415","C10385","SM-N900","三星                                        "
"86795402","M179684","C10333","COOLPAD 5721","酷派                                   "
"01328000","MC00045","C10135","A1332","苹果                                          "
"01296500","MC00045","C10135","A1332","苹果                                          "
"01254800","MC00045","C10135","A1332","苹果                                          "
"01315200","MC00046","C10135","A1431","苹果                                          "
"01360700","MC00046","C10135","A1431","苹果                                          "
"35884804","MC00253","C10385","GT-I9100","三星                                       "
"35451505","M161382","C10385","SHV-E250L","三星                                      "
"86963402","M179608","C10035","2015561","小米                                        "
"35187005","MC00393","C10825","LT18I","索尼爱立信                                    "
"86762002","M179890","C10235","OPPO R7 PLUSM","欧珀                                  "
"86998902","M190492","C10150","VIE-AL10","华为                                       "
"01284000","MC00045","C10135","A1332","苹果                                          "
"01284900","MC00045","C10135","A1332","苹果                                          "
"86695002","M108895","C10129","VIVO Y27","维沃                                       "
"86508202","M108937","C10569","WEIIMI M8","唯米                                      "
"86111302","M104454","C10231","LENOVO A308T","联想                                   "
"86552902","M104467","C10231","LENOVO A355E","联想                                   "
"86600102","M100030","C10035","2013061","小米                                        "
"86363702","M100030","C10035","2013061","小米                                        "
"86336002","M100031","C10035","2013062","小米                                        "
"86640102","M100039","C10035","2014021","小米                                        "
"86533502","M100046","C10035","2014501","小米                                        "
"86799002","M100058","C10035","2014910","小米                                        "
"86536802","M104575","C10231","LENOVO A916","联想                                    "
"86592001","M104603","C10231","LENOVO P700I","联想                                   "
"86605802","M104608","C10231","LENOVO S60-T","联想                                   "
"86814601","M104616","C10231","LENOVO S696","联想                                    "
"86579502","M104629","C10231","LENOVO S858T","联想                                   "
"86538602","M106808","C10564","TCL P688L","TCL                                       "
"35536905","M102576","C10385","GT-S7562","三星                                       "
"35402605","M102580","C10385","GT-S7568","三星                                       "
"35819705","M102583","C10385","GT-S7898","三星                                       "
"35810304","M143487","C10732","LG-E730","LG                                          "
"86843401","M100967","C10392","COLMEI F108","威酷                                    "
"86703202","M104738","C10038","M463U","魅族                                          "
"35909005","M106176","C10385","SM-G3518","三星                                       "
"35501606","M106186","C10385","SM-G3609","三星                                       "
"86937301","M104142","C10394","KXD N7100","优友                                      "
"35340506","M106197","C10385","SM-G7106","三星                                       "
"35392506","M106202","C10385","SM-G7508Q","三星                                      "
"35663706","M106203","C10385","SM-G7509","三星                                       "
"35220306","M106218","C10385","SM-N7508V","三星                                      "
"35755505","M106220","C10385","SM-N9002","三星                                       "
"35944105","M106220","C10385","SM-N9002","三星                                       "
"35778405","M106221","C10385","SM-N9006","三星                                       "
"86739201","M102108","C10388","F-FOOK F633","福中福                                  "
"86867902","M183313","C10035","2015811","小米                                        "
"86406202","M104248","C10725","LA2-L","电意                                          "
"35814804","M144469","C10825","LT15I","索尼爱立信                                    "
"35573500","M161573","C10831","SIM600","晨兴                                         "
"86990602","M181895","C10150","HUAWEI NXT-AL10","华为                                "
"86091401","M164506","C10242","SUNUPYZ500","三普                                     "
"35327007","M154741","C10135","PT2049","苹果                                         "
"01346900","M100136","C10135","A1429","苹果                                          "
"01335400","M100136","C10135","A1429","苹果                                          "
"86702102","M103596","C10574","IPH8","爱派尔                                         "
"35444106","M100140","C10135","A1524","苹果                                          "
"86070502","M103813","C10741","K-TOUCH S5","天语                                     "
"86676902","M105217","C14484","NX511J","努比亚                                       "
"35202406","M100144","C10135","A1530","苹果                                          "
"35695806","M100148","C10135","A1586","苹果                                          "
"35931606","M100148","C10135","A1586","苹果                                          "
"35246506","M103162","C10336","HTC D516W","宏达                                      "
"86380902","M108821","C10267","SKYHON T18","天宏                                     "
"86657801","M108838","C10129","VIVO S12","维沃                                       "
"86807702","M103235","C10150","HUAWEI ALE-CL00","华为                                "
"35848903","M103274","C10150","HUAWEI G6-T00","华为                                  "
"86408502","M103284","C10150","HUAWEI G620-L75","华为                                "
"86451302","M103299","C10150","HUAWEI G730-L075","华为                               "
"86416402","M105356","C10041","OKA5","欧奇                                           "
"86617702","M105382","C10235","OPPO 3007","欧珀                                      "
"35179406","M102530","C10385","GT-I9168I","三星                                      "
"35316305","M102535","C10385","GT-I9300","三星                                       "
"35707005","M102535","C10385","GT-I9300","三星                                       "
"35231505","M102535","C10385","GT-I9300","三星                                       "
"35978905","M102538","C10385","GT-I9308I","三星                                      "
"86529901","M107909","C10512","ZDR-W1","中德瑞                                       "
"86572102","M108097","C10199","ZTE S2002","中兴                                      "
"35713105","M106084","C10385","SCH-P709","三星                                       "
"35569906","M106155","C10385","SM-A3000","三星                                       "
"35709206","M106159","C10385","SM-A7000","三星                                       "
"35988106","M106159","C10385","SM-A7000","三星                                       "
"86486102","M104413","C10088","LT66","盟宝                                           "
"86958501","M108124","C10199","ZTE U817","中兴                                       "
"86366402","M105422","C10235","OPPO R819T","欧珀                                     "
"86451402","M109106","C10501","凯利通 T2","凯利通                                    "
"86564402","M101325","C10333","COOLPAD 8076D","酷派                                  "
"86767201","M101341","C10333","COOLPAD 8190","酷派                                   "
"86354802","M101347","C10333","COOLPAD 8295C","酷派                                  "
"86628802","M101351","C10333","COOLPAD 8297-T01","酷派                               "
"86483602","M101363","C10333","COOLPAD 8675-W00","酷派                               "
"86926502","M101374","C10333","COOLPAD 8712","酷派                                   "
"86457301","M103349","C10150","HUAWEI T8951","华为                                   "
"86563600","M157043","C10510","RSD-CT168","荣事达                                    "
"35523603","M110155","C10529","1661-2,1661","诺基亚                                  "
"99000441","M163594","C10385","SAMSUNGGALAXY(SCH-I535,SCH-I545,SCH-I435,SCH-S968,SM-",""
"86918202","M181957","C14552","NOAIN X9","诺亚信                                     "
"35734707","M182010","C10385","SM-J3109","三星                                       "
"35615200","M159748","C99001","SG342I","NOTKNOWN                                     "
"86086401","M165548","C10586","T6199","天时达                                        "
"86802902","M181825","C10035","2015617","小米                                        "
"99000287","M100136","C10135","A1429","苹果                                          "
"99000288","M100136","C10135","A1429","苹果                                          "
"99000274","M100136","C10135","A1429","苹果                                          "
"35466605","M102546","C10385","GT-N7100","三星                                       "
"35917105","M102570","C10385","GT-S7278","三星                                       "
"86664302","M104907","C10788","MLLED L1","蓝天智云                                   "
"99000275","M100136","C10135","A1429","苹果                                          "
"99000282","M100136","C10135","A1429","苹果                                          "
"99000224","M100136","C10135","A1429","苹果                                          "
"01347000","M100136","C10135","A1429","苹果                                          "
"01341500","M100136","C10135","A1429","苹果                                          "
"01340600","M100136","C10135","A1429","苹果                                          "
"86362302","M103612","C10627","IUSAI X2","博力信                                     "
"35444006","M100140","C10135","A1524","苹果                                          "
"86097502","M103828","C10741","K-TOUCH T619+","天语                                  "
"86584002","M107589","C10620","WP S2","沃普丰                                        "
"35203806","M100144","C10135","A1530","苹果                                          "
"35928206","M100148","C10135","A1586","苹果                                          "
"86089202","M103000","C10036","HS-T820","海信                                        "
"86698302","M108659","C10498","LEPHONE T2","百立丰                                   "
"86073001","M128189","C10150","F501VERF","华为                                       "
"86414601","M108774","C10331","NEWISH Y868","Ŧά                                    "
"86431802","M108858","C10129","VIVO X3T","维沃                                       "
"35960806","M103204","C10336","HTC M9W","宏达                                        "
"86049902","M103272","C10150","HUAWEI G525-U00","华为                                "
"35953305","M102524","C10385","GT-I9152","三星                                       "
"35579905","M102539","C10385","GT-I9500","三星                                       "
"86288701","M107962","C10800","ZL101","欧乐酷                                        "
"86621002","M108084","C10199","ZTE Q7","中兴                                         "
"86585202","M105399","C10235","OPPO R6007","欧珀                                     "
"86323501","M105415","C10235","OPPO R811","欧珀                                      "
"86317702","M105427","C10235","OPPO R821T","欧珀                                     "
"86513302","M101299","C10333","COOLPAD 7620L-W00","酷派                              "
"86084202","M101380","C10333","COOLPAD 8720Q","酷派                                  "
"86551802","M101424","C10333","COOLPAD Y70-C","酷派                                  "
"86423202","M103316","C10150","HUAWEI MT2-L01","华为                                 "
"86737602","M103321","C10150","HUAWEI MT7-TL00","华为                                "
"86046302","M103327","C10150","HUAWEI P6-T00","华为                                  "
"35162406","M106067","C10385","SCH-I679","三星                                       "
"86264200","M157065","C10510","RSD-W108","荣事达                                     "
"86365800","M148989","C10021","MT-C508","振华                                        "
"35421007","M182009","C10385","SM-G6000","三星                                       "
"35518403","M132735","C99001","GTMD878","NOTKNOWN                                    "
"86703000","M117302","C10558","BF318","贝尔丰                                        "
"86722702","M109375","C10333","COOLPAD 5263","酷派                                   "
"86736502","M109379","C10333","COOLPAD T2-W01","酷派                                 "
"86757002","M109459","C10038","M571U","魅族                                          "
"86702202","M109547","C10129","VIVO X5M","维沃                                       "
"35275101","M110489","C10529","2610","诺基亚                                         "
"99000289","M109611","C10135","IPAD(A1460)","苹果                                    "
"01326700","M109613","C10135","IPHONE4(A1332)","苹果                                 "
"01326800","M109613","C10135","IPHONE4(A1332)","苹果                                 "
"86122401","M131974","C10286","GOCANP66","国乾科技                                   "
"35172500","M120279","C14519","CECTC600","中电                                       "
"86146703","M188870","C10129","VIVO X6S A","维沃                                     "
"86995602","M191366","C10444","KDOOR X9","金豆子                                     "
"35189606","M133819","C10385","GT-S7275B","三星                                      "
"35674401","M122110","C10149","CHANGHONGA338","长虹                                  "
"35186705","M133480","C10385","GT-N8000","三星                                       "
"86598200","M138327","C10136","IMGI5","英迈                                          "
"35682905","M130613","C10385","GALAXYNOTE2GT-N7100","三星                            "
"86528300","M131613","C10537","GLT-88","国力通                                       "
"01388100","M112508","C10135","A1533","苹果                                          "
"86621902","M109435","C10318","KINGSUN-F1","广信                                     "
"35256307","M109575","C10385","SM-G9280","三星                                       "
"35834204","M133307","C10385","GT-I8150","三星                                       "
"86125903","M189378","C10235","OPPO R9 PLUSTM A","欧珀                               "
"86658100","M122764","C10403","D188","竞冠                                           "
"35534305","M138219","C10874","IM-A860K","PANTECH                                    "
"35350305","M130347","C10323","G65","联代                                            "
"86364901","M102432","C10101","GOWAY I600","国威                                     "
"86677302","M105655","C10144","PYK1","港米                                           "
"86503102","M107665","C10728","X3L","乐购天地                                        "
"86585302","M100635","C10170","BROR F1","铂锐                                        "
"35471105","M102505","C10385","GT-I8258","三星                                       "
"35651705","M102516","C10385","GT-I9082I","三星                                      "
"35706605","M102522","C10385","GT-I9128I","三星                                      "
"35579505","M102524","C10385","GT-I9152","三星                                       "
"35857404","M145513","C10703","M0C4D,XT615,XT685,MOTOLUXE","摩托罗拉                 "
"99000181","M177920","C10135","IPHONE4S(A1387)","苹果                                "
"99000102","M177920","C10135","IPHONE4S(A1387)","苹果                                "
"01304400","M177920","C10135","IPHONE4S(A1387)","苹果                                "
"99000268","M177920","C10135","IPHONE4S(A1387)","苹果                                "
"01318100","M177920","C10135","IPHONE4S(A1387)","苹果                                "
"99000188","M177920","C10135","IPHONE4S(A1387)","苹果                                "
"35200806","M177929","C10135","IPHONE5S(A1533)","苹果                                "
"86755602","M179615","C10333","8681-A01","酷派                                       "
"35344005","MC00393","C10825","LT18I","索尼爱立信                                    "
"86941002","M179894","C10235","OPPO R7SM","欧珀                                      "
"86027003","M179894","C10235","OPPO R7SM","欧珀                                      "
"86814502","M179916","C10150","SCL-TL00","华为                                       "
"01275100","MC00045","C10135","A1332","苹果                                          "
"01284500","MC00045","C10135","A1332","苹果                                          "
"01242600","MC00045","C10135","A1332","苹果                                          "
"01242800","MC00045","C10135","A1332","苹果                                          "
"01367700","MC00045","C10135","A1332","苹果                                          "
"01313100","MC00045","C10135","A1332","苹果                                          "
"01285200","MC00045","C10135","A1332","苹果                                          "
"01315300","MC00046","C10135","A1431","苹果                                          "
"01360000","MC00046","C10135","A1431","苹果                                          "
"35902104","MC00253","C10385","GT-I9100","三星                                       "
"86958800","M171323","C10731","W33","联隆鸿业                                        "
"35272405","M169413","C12836","V2","ELIYA                                            "
"35709606","M106157","C10385","SM-A5000","三星                                       "
"86023102","M101506","C10171","DB007","蝶变                                          "
"86682602","M101653","C10786","DOOV L3","朵唯                                        "
"86620102","M103973","C10444","KDOOR M7","金豆子                                     "
"35769806","M106164","C10385","SM-E7000","三星                                       "
"35769606","M106165","C10385","SM-E7009","三星                                       "
"86358302","M100023","C10035","2013012","小米                                        "
"86338802","M100025","C10035","2013022","小米                                        "
"86397002","M100030","C10035","2013061","小米                                        "
"86519902","M100039","C10035","2014021","小米                                        "
"86648602","M100041","C10035","2014112","小米                                        "
"86604802","M100054","C10035","2014811","小米                                        "
"86761402","M100055","C10035","2014812","小米                                        "
"86646902","M100059","C10035","2014911","小米                                        "
"86502402","M104454","C10231","LENOVO A308T","联想                                   "
"86232702","M104489","C10231","LENOVO A390T","联想                                   "
"86678802","M108514","C10573","IK 1501","爱讯达                                      "
"86558302","M104576","C10231","LENOVO A936","联想                                    "
"35849405","M102581","C10385","GT-S7568I","三星                                      "
"86596202","M100980","C10471","COMIO C2","卡美欧                                     "
"35437904","M168121","C10235","U521","欧珀                                           "
"86594302","M102717","C10772","H-1","恒语                                            "
"86834800","M177709","C10324","I8","爱果                                             "
"86896901","M101214","C10333","COOLPAD 5213","酷派                                   "
"86430702","M104859","C10156","MEEG 210","米歌                                       "
"86698102","M104183","C10055","L3","兰铂                                             "
"35210706","M106207","C10385","SM-G9008V","三星                                      "
"86135102","M102243","C10459","FEIGW A9","飞歌王                                     "
"35885103","M143021","C10498","LEPHONEE71,E66Y,W600,A10,K1","百立丰                  "
"35521806","M106231","C10385","SM-N9150","三星                                       "
"86316402","M106301","C10589","SOP-I6","兴华宝                                       "
"86709802","M104250","C10725","LA2-S","电意                                          "
"86372702","M103402","C10150","HUAWEI Y618-T00","华为                                "
"35223906","M100329","C10148","ASUS_T00F","华硕                                      "
"01268200","M144470","C10825","LT15I(AAD-3880097-BV)","索尼爱立信                    "
"86179201","M144543","C10415","LX180","蓝想                                          "
"86489702","M102349","C10199","GH700C","中兴                                         "
"86601302","M102454","C10534","GRSED E8000","金圣达                                  "
"86558602","M105563","C10150","PE-TL20","华为                                        "
"86401901","M105646","C10403","PULID T1","竞冠                                       "
"86949200","M105650","C10403","PULID T6","竞冠                                       "
"86801202","M166146","C10564","TCLP316L","TCL                                        "
"99000270","M177920","C10135","IPHONE4S(A1387)","苹果                                "
"01303000","M177920","C10135","IPHONE4S(A1387)","苹果                                "
"99000182","M177920","C10135","IPHONE4S(A1387)","苹果                                "
"01293700","M177920","C10135","IPHONE4S(A1387)","苹果                                "
"01300600","M177920","C10135","IPHONE4S(A1387)","苹果                                "
"01319500","M177920","C10135","IPHONE4S(A1387)","苹果                                "
"99000106","M177920","C10135","IPHONE4S(A1387)","苹果                                "
"01300300","M177920","C10135","IPHONE4S(A1387)","苹果                                "
"99000403","M177920","C10135","IPHONE4S(A1387)","苹果                                "
"99000108","M177920","C10135","IPHONE4S(A1387)","苹果                                "
"35272805","M179740","C10385","GT-I8150","三星                                       "
"35472205","M179749","C10385","GT-S5830I","三星                                      "
"01327700","MC00045","C10135","A1332","苹果                                          "
"01313000","MC00045","C10135","A1332","苹果                                          "
"01275800","MC00045","C10135","A1332","苹果                                          "
"01236800","MC00045","C10135","A1332","苹果                                          "
"01302500","MC00046","C10135","A1431","苹果                                          "
"01314200","MC00046","C10135","A1431","苹果                                          "
"01360400","MC00046","C10135","A1431","苹果                                          "
"01360300","MC00046","C10135","A1431","苹果                                          "
"86685602","M179768","C10150","HUAWEI RIO-AL00","华为                                "
"35927507","M189557","C10385","SM-J3119","三星                                       "
"35541307","M181391","C10135","IPHONE6S(A1688)","苹果                                "
"86951502","M179845","C10038","M57A","魅族                                           "
"35868004","MC00256","C10385","GT-S5368","三星                                       "
"35272705","MC00256","C10385","GT-S5368","三星                                       "
"35334707","M179619","C10135","A1700","苹果                                          "
"01254100","MC00045","C10135","A1332","苹果                                          "
"01296000","MC00045","C10135","A1332","苹果                                          "
"01366200","MC00045","C10135","A1332","苹果                                          "
"01284200","MC00045","C10135","A1332","苹果                                          "
"01274300","MC00045","C10135","A1332","苹果                                          "
"01253900","MC00045","C10135","A1332","苹果                                          "
"35709306","M106159","C10385","SM-A7000","三星                                       "
"35323207","M106159","C10385","SM-A7000","三星                                       "
"86853301","M101567","C10316","DF E212","帝锋                                        "
"86446102","M104390","C10120","LT 18","奥乐                                          "
"35978705","M106172","C10385","SM-G3508I","三星                                      "
"86521701","M107835","C10725","YUSUN T22","电意                                      "
"86518002","M108887","C10129","VIVO Y18L","维沃                                      "
"86899801","M104517","C10231","LENOVO A630","联想                                    "
"86295802","M104519","C10231","LENOVO A630T","联想                                   "
"86501902","M104552","C10231","LENOVO A788T","联想                                   "
"86814501","M104553","C10231","LENOVO A789","联想                                    "
"86971701","M107868","C10517","YOUPU U6","优普                                       "
"86480502","M100025","C10035","2013022","小米                                        "
"86541102","M100030","C10035","2013061","小米                                        "
"86696302","M100044","C10035","2014216","小米                                        "
"86672302","M100046","C10035","2014501","小米                                        "
"86653802","M100050","C10035","2014618","小米                                        "
"86620902","M108567","C10306","KOOBEE H2","酷比                                      "
"86956701","M104632","C10231","LENOVO S868T","联想                                   "
"86356302","M104638","C10231","LENOVO S898T+","联想                                  "
"86404102","M104658","C10426","LINGWIN K1","聆韵                                     "
"35382206","M102581","C10385","GT-S7568I","三星                                      "
"86618402","M104738","C10038","M463U","魅族                                          "
"35489806","M106196","C10385","SM-G5309W","三星                                      "
"86710202","M101166","C10150","CHE1-CL20","华为                                      "
"86477002","M101226","C10333","COOLPAD 5261","酷派                                   "
"86993701","M104853","C10156","MEEG 101","米歌                                       "
"86699102","M104862","C10156","MEEG 308","米歌                                       "
"86481102","M104067","C10423","KOPO L8","酷珀                                        "
"86471201","M104093","C10059","KS308","酷绅                                          "
"35477806","M106204","C10385","SM-G8508S","三星                                      "
"35965406","M106216","C10385","SM-G9250","三星                                       "
"35959606","M106216","C10385","SM-G9250","三星                                       "
"86425602","M103386","C10150","HUAWEI Y325-T00","华为                                "
"86180000","M103390","C10150","HUAWEI Y511-T00","华为                                "
"86236801","M164345","C10242","SUNUPCU999","三普                                     "
"86882802","M182086","C10129","VIVO Y35A","维沃                                      "
"35882304","M136842","C10336","HTCS510B","宏达                                       "
"86669301","M107142","C10790","U1203","优思                                          "
"01341400","M100136","C10135","A1429","苹果                                          "
"35538607","M100140","C10135","A1524","苹果                                          "
"35538007","M100140","C10135","A1524","苹果                                          "
"35877705","M100142","C10135","A1528","苹果                                          "
"35884105","M100144","C10135","A1530","苹果                                          "
"35925506","M100148","C10135","A1586","苹果                                          "
"86563101","M103014","C10036","HS-T958","海信                                        "
"35613105","M102526","C10385","GT-I9158","三星                                       "
"35652105","M102531","C10385","GT-I9200","三星                                       "
"86304601","M105873","C10510","RSD-W102","荣事达                                     "
"86468002","M107918","C10325","ZHUOMI A3","卓酷                                      "
"86672301","M108858","C10129","VIVO X3T","维沃                                       "
"86281402","M108877","C10129","VIVO Y11I T","维沃                                    "
"86287301","M100271","C10332","AMOI E800C","夏新                                     "
"35435605","M103215","C10336","HTC T329T","宏达                                      "
"35748503","M103275","C10150","HUAWEI G6-U00","华为                                  "
"86556702","M105406","C10235","OPPO R8007","欧珀                                     "
"86081302","M105452","C10235","OPPO X909T","欧珀                                     "
"86483301","M109086","C10501","凯利通 I50","凯利通                                   "
"86715502","M108083","C10199","ZTE Q519T","中兴                                      "
"86391502","M108091","C10199","ZTE Q801U","中兴                                      "
"86414702","M108094","C10199","ZTE Q802T","中兴                                      "
"99000278","M100136","C10135","A1429","苹果                                          "
"86499801","M101315","C10333","COOLPAD 8028","酷派                                   "
"86526702","M101362","C10333","COOLPAD 8675-HD","酷派                                "
"86481902","M101379","C10333","COOLPAD 8720L","酷派                                  "
"86686702","M101416","C10333","COOLPAD SS1-01","酷派                                 "
"86731702","M101419","C10333","COOLPAD T2-C01","酷派                                 "
"35964505","M106074","C10385","SCH-I829","三星                                       "
"35569806","M106155","C10385","SM-A3000","三星                                       "
"86157503","M181898","C10150","HUAWEI TAG-AL00","华为                                "
"86127003","M181898","C10150","HUAWEI TAG-AL00","华为                                "
"35255806","M162266","C10385","SM-G900F","三星                                       "
"86856602","M181954","C10028","MEETUU MX5","米图                                     "
"86187503","M181970","C10235","OPPO A33M","欧珀                                      "
"35447507","M182009","C10385","SM-G6000","三星                                       "
"35981000","M148840","C10703","MQ5-4411A11","摩托罗拉                                "
"99000285","M100136","C10135","A1429","苹果                                          "
"99000319","M100136","C10135","A1429","苹果                                          "
"35774805","M102542","C10385","GT-I9508","三星                                       "
"35963805","M102571","C10385","GT-S7278U","三星                                      "
"99000280","M100136","C10135","A1429","苹果                                          "
"99000226","M100136","C10135","A1429","苹果                                          "
"01347400","M100136","C10135","A1429","苹果                                          "
"01341900","M100136","C10135","A1429","苹果                                          "
"86555502","M103535","C10150","HOL-U10","华为                                        "
"35204907","M100140","C10135","A1524","苹果                                          "
"35437606","M100140","C10135","A1524","苹果                                          "
"86514402","M103799","C10741","K-TOUCH L820C","天语                                  "
"86604102","M103804","C10741","K-TOUCH L930I","天语                                  "
"86759501","M103834","C10741","K-TOUCH T760","天语                                   "
"35884005","M100144","C10135","A1530","苹果                                          "
"35202206","M100144","C10135","A1530","苹果                                          "
"35202006","M100144","C10135","A1530","苹果                                          "
"35698506","M100148","C10135","A1586","苹果                                          "
"35697606","M100148","C10135","A1586","苹果                                          "
"86469702","M108268","C10629","CAYON A6","嘉源                                       "
"86337302","M108688","C10417","MIKEE M6","米錡                                       "
"35836206","M100148","C10135","A1586","苹果                                          "
"86540901","M108841","C10129","VIVO S6","维沃                                        "
"86774001","M108842","C10129","VIVO S6T","维沃                                       "
"86609202","M108866","C10129","VIVO X5MAX L","维沃                                   "
"86683302","M100256","C10800","ALLCALL L6","欧乐酷                                   "
"35881406","M103184","C10336","HTC D826W","宏达                                      "
"86255502","M103303","C10150","HUAWEI G750-T00","华为                                "
"86756802","M105378","C10235","OPPO 1105","欧珀                                      "
"86418102","M105393","C10235","OPPO N5117","欧珀                                     "
"86806402","M105404","C10235","OPPO R7T","欧珀                                       "
"86321602","M105431","C10235","OPPO R829T","欧珀                                     "
"86574002","M105432","C10235","OPPO R830","欧珀                                      "
"86435201","M109033","C10305","金立 GN100","金立                                     "
"86763701","M105866","C10510","RSD-V1","荣事达                                       "
"86073402","M109093","C10501","凯利通 I818","凯利通                                  "
"86508002","M109110","C10501","凯利通 T9","凯利通                                    "
"86877201","M101286","C10333","COOLPAD 7295","酷派                                   "
"86852001","M101321","C10333","COOLPAD 8070","酷派                                   "
"86881401","M101378","C10333","COOLPAD 8720","酷派                                   "
"86782702","M101428","C10333","COOLPAD Y80D","酷派                                   "
"86700102","M101429","C10333","COOLPAD Y90","酷派                                    "
"35709506","M106157","C10385","SM-A5000","三星                                       "
"35743405","M106161","C10385","SM-C101","三星                                        "
"86470002","M109233","C10533","美富通 N7","美富通                                    "
"86568102","M109256","C10730","美盛通达 Z5","为美                                    "
"35520706","M162267","C10385","SM-G900FD","三星                                      "
"86989202","M174075","C11222","Y01","XIAOTIANCAI                                     "
"86832500","M157326","C10199","SBYSFR116","中兴                                      "
"35474407","M182010","C10385","SM-J3109","三星                                       "
"86815202","M182063","C10199","ZTE Q529C","中兴                                      "
"35603005","M133523","C10385","GT-P8220","三星                                       "
"35955304","M132898","C10385","GT-B5510","三星                                       "
"86617401","M135277","C12536","H330;H330S","FIBOCOM                                  "
"86801702","M109456","C10038","M571","魅族                                           "
"86724202","M109496","C10301","SHOWN 302","首云                                      "
"35232507","M109498","C10385","SM-A8000","三星                                       "
"86022701","M112430","C10289","A11","喜卡                                            "
"01327400","M109613","C10135","IPHONE4(A1332)","苹果                                 "
"35570502","M110151","C10529","1618C","诺基亚                                        "
"35749604","M133741","C10385","GT-S5830","三星                                       "
"35780604","M133398","C10385","GT-I9108","三星                                       "
"86160203","M189378","C10235","OPPO R9 PLUSTM A","欧珀                               "
"35739005","M130607","C10385","GALAXYMEGAGT-I9200","三星                             "
"86740302","M109494","C10041","S-2015","欧奇                                         "
"35395307","M109498","C10385","SM-A8000","三星                                       "
"86815402","M109551","C10129","VIVO X5PRO D","维沃                                   "
"86799502","M109555","C10129","VIVO Y33","维沃                                       "
"35256207","M109575","C10385","SM-G9280","三星                                       "
"35535905","M133634","C10385","GT-S5303","三星                                       "
"86568100","M129251","C10440","FYF800","飞盈                                         "
"35249306","M107702","C10320","XM50T","索尼                                          "
"35953805","M102509","C10385","GT-I8552","三星                                       "
"35496305","M102514","C10385","GT-I9082","三星                                       "
"35991105","M102515","C10385","GT-I9082C","三星                                      "
"35954005","M102516","C10385","GT-I9082I","三星                                      "
"86509802","M107797","C10505","YOORD P6","优尔得                                     "
"86963001","M100019","C10035","2012061","小米                                        "
"86294902","M100025","C10035","2013022","小米                                        "
"86505602","M100030","C10035","2013061","小米                                        "
"86633302","M100044","C10035","2014216","小米                                        "
"86779302","M100060","C10035","2014912","小米                                        "
"99000087","M177920","C10135","IPHONE4S(A1387)","苹果                                "
"99000187","M177920","C10135","IPHONE4S(A1387)","苹果                                "
"01318000","M177920","C10135","IPHONE4S(A1387)","苹果                                "
"86608400","M170851","C10766","VIKO6008","振华宇科                                   "
"01343100","M177922","C10135","IPHONE5(A1428)","苹果                                 "
"35875505","M177929","C10135","IPHONE5S(A1533)","苹果                                "
"99000434","M163612","C10385","SAMSUNGGALAXY(SM-T217,SPH-L520,SPH-L600,SCH-I545,SCH-",""
"35881205","M177929","C10135","IPHONE5S(A1533)","苹果                                "
"35894304","MC00394","C10825","MT15I","索尼爱立信                                    "
"35853704","MC00253","C10385","GT-I9100","三星                                       "
"86915902","M179606","C10035","2015052","小米                                        "
"01312400","MC00045","C10135","A1332","苹果                                          "
"01366000","MC00045","C10135","A1332","苹果                                          "
"01253300","MC00045","C10135","A1332","苹果                                          "
"01366400","MC00045","C10135","A1332","苹果                                          "
"01275000","MC00045","C10135","A1332","苹果                                          "
"01312600","MC00045","C10135","A1332","苹果                                          "
"01274600","MC00045","C10135","A1332","苹果                                          "
"01275400","MC00045","C10135","A1332","苹果                                          "
"86115103","M190496","C14876","BP-V5","奔跑家园                                      "
"86897302","M180889","C11327","QW200_G3","CHEERZING                                  "
"01367900","MC00045","C10135","A1332","苹果                                          "
"01367600","MC00045","C10135","A1332","苹果                                          "
"01313200","MC00045","C10135","A1332","苹果                                          "
"01302800","MC00046","C10135","A1431","苹果                                          "
"86140603","M190626","C10129","VIVO XPLAY5A","维沃                                   "
"35401605","M179741","C10385","GT-I9100G","三星                                      "
"86875900","M179108","C10564","ONETOUCHX520V","TCL                                   "
"86042400","MC00061","C10150","HUAWEI T1100","华为                                   "
"35850604","MC00393","C10825","LT18I","索尼爱立信                                    "
"35260005","MC00393","C10825","LT18I","索尼爱立信                                    "
"86647502","M104447","C10231","LENOVO A2800-D","联想                                 "
"35795805","M106167","C10385","SM-G3502","三星                                       "
"35952605","M106168","C10385","SM-G3502C","三星                                      "
"86682402","M108881","C10129","VIVO Y13L","维沃                                      "
"86568202","M108893","C10129","VIVO Y22IL","维沃                                     "
"86617302","M104471","C10231","LENOVO A3600-D","联想                                 "
"86456301","M106632","C10586","T5880","天时达                                        "
"86680602","M100828","C10310","C520LW","斐讯                                         "
"86637902","M104640","C10231","LENOVO S90-E","联想                                   "
"86125402","M104679","C10152","LOVME-X16","爱我                                      "
"86455802","M106756","C10564","TCL J326T","TCL                                       "
"86490902","M106788","C10564","TCL P301M","TCL                                       "
"35557905","M102578","C10385","GT-S7562I","三星                                      "
"35707305","M102580","C10385","GT-S7568","三星                                       "
"86091802","M102653","C10305","GIONEE E6","金立                                      "
"86348402","M102680","C10305","GIONEE GN9000","金立                                  "
"86983402","M183307","C10129","VIVO X6PLUS D","维沃                                  "
"86649002","M104736","C10038","M463C","魅族                                          "
"86681802","M104739","C10038","M465A","魅族                                          "
"35257206","M106181","C10385","SM-G3586V","三星                                      "
"35477906","M106195","C10385","SM-G5308W","三星                                      "
"86750202","M101165","C10150","CHE1-CL10","华为                                      "
"35893006","M106213","C10385","SM-G9200","三星                                       "
"35818206","M106214","C10385","SM-G9208","三星                                       "
"35220406","M106217","C10385","SM-N7506V","三星                                      "
"86895401","M101866","C10268","EBEST I6","E派                                        "
"35355806","M106242","C10385","SM-T331C","三星                                       "
"86616502","M103404","C10150","HUAWEI Y635-TL00","华为                               "
"86980701","M107638","C10657","WISHWAY N630","西维                                   "
"35858505","M102507","C10385","GT-I8268","三星                                       "
"35188706","M102507","C10385","GT-I8268","三星                                       "
"35953405","M102524","C10385","GT-I9152","三星                                       "
"86619302","M105736","C10413","Q5321","买卖宝                                        "
"35778906","M105827","C10390","RM-1096","微软                                        "
"86398502","M100026","C10035","2013023","小米                                        "
"86582502","M100027","C10035","2013028","小米                                        "
"86585402","M100030","C10035","2013061","小米                                        "
"86745002","M100041","C10035","2014112","小米                                        "
"86762202","M100054","C10035","2014811","小米                                        "
"01227000","M177916","C10135","IPHONE3GS(A1303)","苹果                               "
"01304300","M177920","C10135","IPHONE4S(A1387)","苹果                                "
"01300500","M177920","C10135","IPHONE4S(A1387)","苹果                                "
"01303100","M177920","C10135","IPHONE4S(A1387)","苹果                                "
"01307300","M177920","C10135","IPHONE4S(A1387)","苹果                                "
"01305400","M177920","C10135","IPHONE4S(A1387)","苹果                                "
"99000110","M177920","C10135","IPHONE4S(A1387)","苹果                                "
"99000101","M177920","C10135","IPHONE4S(A1387)","苹果                                "
"01306400","M177920","C10135","IPHONE4S(A1387)","苹果                                "
"86560401","M166801","C11805","TL9100","TELEFREE                                     "
"35778005","M162415","C10385","SM-N900","三星                                        "
"35587903","M173387","C99001","X8","NOTKNOWN                                         "
"35958307","M181026","C10385","SM-G9350","三星                                       "
"01312700","MC00045","C10135","A1332","苹果                                          "
"01274700","MC00045","C10135","A1332","苹果                                          "
"01328100","MC00045","C10135","A1332","苹果                                          "
"01327900","MC00045","C10135","A1332","苹果                                          "
"01302600","MC00046","C10135","A1431","苹果                                          "
"01314300","MC00046","C10135","A1431","苹果                                          "
"35316608","M193783","C12505","MG-4","CONCORD                                        "
"86551202","M100723","C10197","BEST SONNY L82","华森                                 "
"35162306","M102584","C10385","GT-S7898I","三星                                      "
"86496102","M102686","C10305","GIONEE GN9005","金立                                  "
"35544606","M106192","C10385","SM-G5108Q","三星                                      "
"35714304","M102750","C10150","H60-L01","华为                                        "
"86217500","M144806","C10231","LENOVOA330","联想                                     "
"35752305","M106222","C10385","SM-N9008","三星                                       "
"86587002","M102143","C10659","F8916","天元通                                        "
"86239702","M102242","C10459","FEIGW A8","飞歌王                                     "
"86265902","M103392","C10150","HUAWEI Y516-T00","华为                                "
"86806401","M101936","C10539","ELEF F11","翼乐                                       "
"86689301","M102284","C10787","G3333","知己迅联                                      "
"86602602","M105505","C10041","OUKI G10","欧奇                                       "
"35472707","M162205","C10385","SM-G5500","三星                                       "
"86826102","M181920","C10444","KDOOR H9","金豆子                                     "
"86243201","M164451","C10242","SUNUPOK777","三普                                     "
"35198306","M100144","C10135","A1530","苹果                                          "
"35928506","M100148","C10135","A1586","苹果                                          "
"35639405","M103131","C10336","HTC 608T","宏达                                       "
"35990105","M102525","C10385","GT-I9152P","三星                                      "
"86028801","M107992","C10503","ZOYE V11","鑫卓越                                     "
"86602902","M108015","C10199","ZTE G720T","中兴                                      "
"86223202","M105312","C10321","OBEE K999","欧比                                      "
"86400102","M108858","C10129","VIVO X3T","维沃                                       "
"86541001","M108860","C10129","VIVO X510W","维沃                                     "
"86695502","M100158","C10029","A3-50581","凹凸                                       "
"86769101","M100259","C10800","ALLCALL U2","欧乐酷                                   "
"35156406","M103199","C10336","HTC M8T","宏达                                        "
"86823200","M103268","C10150","HUAWEI G520-5000","华为                               "
"99000281","M100136","C10135","A1429","苹果                                          "
"35622205","M102567","C10385","GT-S6818","三星                                       "
"86567402","M105398","C10235","OPPO R2017","欧珀                                     "
"86697902","M105413","C10235","OPPO R8107","欧珀                                     "
"86539302","M109105","C10501","凯利通 T10","凯利通                                   "
"86864001","M108397","C10699","EPADE C07","易派                                      "
"86064102","M101309","C10333","COOLPAD 8020+","酷派                                  "
"86103602","M101321","C10333","COOLPAD 8070","酷派                                   "
"86301802","M101329","C10333","COOLPAD 8085","酷派                                   "
"86219101","M101329","C10333","COOLPAD 8085","酷派                                   "
"86398202","M101411","C10333","COOLPAD K1-NT","酷派                                  "
"86887202","M101425","C10333","COOLPAD Y75","酷派                                    "
"86571402","M103332","C10150","HUAWEI P7-L07","华为                                  "
"99000228","M100136","C10135","A1429","苹果                                          "
"99000277","M100136","C10135","A1429","苹果                                          "
"99000271","M100136","C10135","A1429","苹果                                          "
"01363800","M100136","C10135","A1429","苹果                                          "
"86392901","M103467","C10834","HYUNDAI H11","现代                                    "
"86569402","M105148","C10428","NOAIN 007","微兴                                      "
"35602206","M106157","C10385","SM-A5000","三星                                       "
"35205007","M100140","C10135","A1524","苹果                                          "
"86485802","M103802","C10741","K-TOUCH L920","天语                                   "
"86924100","M103827","C10741","K-TOUCH T619","天语                                   "
"86481302","M105177","C10428","NOAIN M6","微兴                                       "
"86568801","M106527","C10322","T-SMART G28","天迈                                    "
"86623002","M108894","C10129","VIVO Y23L","维沃                                      "
"86599102","M101662","C10786","DOOV T20L","朵唯                                      "
"35320103","M110169","C10529","1681C","诺基亚                                        "
"86693202","M174075","C11222","Y01","XIAOTIANCAI                                     "
"86831502","M174075","C11222","Y01","XIAOTIANCAI                                     "
"86825602","M181939","C10246","LETV X500","乐视                                      "
"35775905","M163127","C10058","SQN100-3,Q10,RFN81UW","黑莓                           "
"35838001","M175192","C14527","ZA606","Jega                                          "
"35472807","M182008","C10385","SM-G5500","三星                                       "
"35905005","M162297","C10385","SM-G910S","三星                                       "
"86024103","M181898","C10150","HUAWEI TAG-AL00","华为                                "
"86835202","M163171","C10856","SS4351","CK                                           "
"35959004","M163220","C10825","ST18I","索尼爱立信                                    "
"86040700","M136860","C10336","HTCZ710T","宏达                                       "
"35292502","M126208","C10529","E71-2","诺基亚                                        "
"99000283","M100136","C10135","A1429","苹果                                          "
"35212305","M102551","C10385","GT-P3100","三星                                       "
"35763605","M102565","C10385","GT-S6812C","三星                                      "
"86529602","M106016","C10334","SAGA A906","传奇                                      "
"99000273","M100136","C10135","A1429","苹果                                          "
"01334500","M100136","C10135","A1429","苹果                                          "
"86497002","M103454","C10495","HYF9200","恒宇丰                                      "
"86615302","M107310","C10323","UTIME K1","联代                                       "
"35876605","M100139","C10135","A1518","苹果                                          "
"35924306","M100140","C10135","A1524","苹果                                          "
"35877905","M100142","C10135","A1528","苹果                                          "
"86747400","M103745","C10741","K-TOUCH C666T","天语                                  "
"86543502","M107484","C10119","VOTO VT868","άͼ                                     "
"35695506","M100148","C10135","A1586","苹果                                          "
"35589906","M100148","C10135","A1586","苹果                                          "
"35931706","M100148","C10135","A1586","苹果                                          "
"86523502","M103860","C10741","K-TOUCH TOU CH 2C","天语                              "
"86073600","M108256","C10722","CALLBAR T51","闻讯                                    "
"86325702","M108686","C10417","MIKEE M128","米錡                                     "
"35837406","M100148","C10135","A1586","苹果                                          "
"35836806","M100148","C10135","A1586","苹果                                          "
"35907606","M103166","C10336","HTC D626T","宏达                                      "
"86102802","M108845","C10129","VIVO S7T","维沃                                       "
"86540601","M108845","C10129","VIVO S7T","维沃                                       "
"86334302","M108877","C10129","VIVO Y11I T","维沃                                    "
"86522102","M103280","C10150","HUAWEI G610-U00","华为                                "
"86927501","M103284","C10150","HUAWEI G620-L75","华为                                "
"86385502","M105358","C10041","OKA51","欧奇                                          "
"86660902","M105379","C10235","OPPO 1107","欧珀                                      "
"86568502","M105426","C10235","OPPO R8207","欧珀                                     "
"86210802","M105443","C10235","OPPO U707T","欧珀                                     "
"35965005","M102527","C10385","GT-I9158P","三星                                      "
"35553305","M102535","C10385","GT-I9300","三星                                       "
"35515706","M105844","C10529","RM-984","诺基亚                                       "
"86323902","M106034","C10578","SAILF S1","赛尔丰                                     "
"86508502","M101277","C10333","COOLPAD 7251","酷派                                   "
"86420502","M101371","C10333","COOLPAD 8705","酷派                                   "
"86661502","M101415","C10333","COOLPAD SK1-01","酷派                                 "
"86575402","M101422","C10333","COOLPAD Y60-C1","酷派                                 "
"86786302","M101425","C10333","COOLPAD Y75","酷派                                    "
"86801502","M103308","C10150","HUAWEI GRA-CL10","华为                                "
"86669302","M103309","C10150","HUAWEI GRA-TL00","华为                                "
"86883401","M103380","C10150","HUAWEI Y310-5000","华为                               "
"35394505","M106083","C10385","SCH-N719","三星                                       "
"86089700","M157064","C10510","RSD-W106","荣事达                                     "
"86170200","M176598","C10787","ZYH008","知己迅联                                     "
"86450502","M158851","C10150","S8-701U","华为                                        "
"86848602","M181968","C10235","OPPO A33","欧珀                                       "
"86873602","M182004","C14578","SK3-02","酷派移动                                     "
"86515600","M134546","C10305","GIONEEA320","金立                                     "
"35600005","M130613","C10385","GALAXYNOTE2GT-N7100","三星                            "
"86894300","M137259","C10150","HUAWEIU8860","华为                                    "
"01326400","M109613","C10135","IPHONE4(A1332)","苹果                                 "
"86753302","M109462","C10038","M578C","魅族                                          "
"86223103","M188845","C10235","OPPO R9M","欧珀                                       "
"86057603","M188870","C10129","VIVO X6S A","维沃                                     "
"86051800","M163894","C10085","SKYWORTHV768","创维                                   "
"35877402","M124721","C10723","DX6808","大显                                         "
"35840702","M117322","C10558","BF5600S","贝尔丰                                      "
"35974604","M112023","C10529","900.1","诺基亚                                        "
"86815200","M155323","C10305","PRIMOG1","金立                                        "
"01327300","M109613","C10135","IPHONE4(A1332)","苹果                                 "
"86730202","M109350","C10035","2015022","小米                                        "
"86690702","M109401","C10305","GIONEE F303","金立                                    "
"86834902","M109456","C10038","M571","魅族                                           "
"86932102","M109456","C10038","M571","魅族                                           "
"86694702","M109486","C10150","PLK-UL00","华为                                       "
"35652405","M102510","C10385","GT-I8558","三星                                       "
"86793801","M105801","C10269","RBX5","商务通                                         "
"35580704","M145471","C10543","M007,M008,M009,M010","奥利信                          "
"01303700","M177920","C10135","IPHONE4S(A1387)","苹果                                "
"99000186","M177920","C10135","IPHONE4S(A1387)","苹果                                "
"99000184","M177920","C10135","IPHONE4S(A1387)","苹果                                "
"99000266","M177920","C10135","IPHONE4S(A1387)","苹果                                "
"01303600","M177920","C10135","IPHONE4S(A1387)","苹果                                "
"86980100","M177151","C10621","ELITEK666","埃立特                                    "
"86506100","MC00351","C10741","K-TOUCH W700","天语                                   "
"01270300","MC00394","C10825","MT15I","索尼爱立信                                    "
"86937100","M171542","C10428","W680","微兴                                           "
"35589004","M161455","C10385","SHW-M250S","三星                                      "
"86739202","M179986","C10102","Z1988","联鑫时代                                      "
"86335200","M179476","C10037","VERYKOOLI305","康佳                                   "
"01275300","MC00045","C10135","A1332","苹果                                          "
"01284300","MC00045","C10135","A1332","苹果                                          "
"01366800","MC00045","C10135","A1332","苹果                                          "
"01283900","MC00045","C10135","A1332","苹果                                          "
"01367000","MC00045","C10135","A1332","苹果                                          "
"01313300","MC00045","C10135","A1332","苹果                                          "
"01296600","MC00045","C10135","A1332","苹果                                          "
"01255000","MC00045","C10135","A1332","苹果                                          "
"01315100","MC00046","C10135","A1431","苹果                                          "
"01313700","MC00046","C10135","A1431","苹果                                          "
"01313800","MC00046","C10135","A1431","苹果                                          "
"86247003","M190550","C10235","OPPO A37M","欧珀                                      "
"35569706","M106158","C10385","SM-A5009","三星                                       "
"86591101","M101475","C10125","DATANG S18","大唐                                     "
"35372205","M104404","C10825","LT22I","索尼爱立信                                    "
"35537406","M106166","C10385","SM-G3139D","三星                                      "
"35935705","M106169","C10385","SM-G3502I","三星                                      "
"86655002","M100040","C10035","2014022","小米                                        "
"86677402","M100045","C10035","2014218","小米                                        "
"86598202","M100048","C10035","2014616","小米                                        "
"86433402","M108880","C10129","VIVO Y13","维沃                                       "
"86629902","M108881","C10129","VIVO Y13L","维沃                                      "
"86675602","M108882","C10129","VIVO Y13T","维沃                                      "
"86562602","M108886","C10129","VIVO Y17W","维沃                                      "
"86575702","M108895","C10129","VIVO Y27","维沃                                       "
"86007602","M101801","C10339","E606","新邮                                           "
"86592402","M104491","C10231","LENOVO A396","联想                                    "
"86830701","M106696","C10476","T9220I","跳跳鱼                                       "
"86490802","M106792","C10564","TCL P331M","TCL                                       "
"35620905","M102580","C10385","GT-S7568","三星                                       "
"35992405","M102581","C10385","GT-S7568I","三星                                      "
"86566902","M102598","C10048","GUOMI M8","果米                                       "
"86349402","M100955","C10193","CO668","酷潮                                          "
"86596502","M100981","C10471","COMIO C3","卡美欧                                     "
"86113802","M104722","C10038","M353","魅族                                           "
"35295606","M106182","C10385","SM-G3588V","三星                                      "
"35273706","M106187","C10385","SM-G3812","三星                                       "
"86576102","M102702","C10305","GIONEE W900","金立                                    "
"86927102","M183312","C10035","2015112","小米                                        "
"86090403","M183299","C10129","VIVO X6A","维沃                                       "
"86079803","M183299","C10129","VIVO X6A","维沃                                       "
"35188806","M106199","C10385","SM-G7108V","三星                                      "
"86518202","M102289","C10150","G621-TL00","华为                                      "
"86459302","M106248","C10081","SM705","锤子                                          "
"86230502","M108536","C10464","INTKI E86","英特奇                                    "
"86052202","M104617","C10231","LENOVO S720","联想                                    "
"86401102","M104627","C10231","LENOVO S850T","联想                                   "
"35868804","M143477","C10732","LG-E510","LG                                          "
"86865101","M104677","C10152","LOVME-X12","爱我                                      "
"86113502","M104705","C10038","M045","魅族                                           "
"35291106","M102577","C10385","GT-S7562C","三星                                      "
"35744205","M102582","C10385","GT-S7572","三星                                       "
"86359602","M102690","C10305","GIONEE V182","金立                                    "
"86130500","M101011","C10340","COSHIP F2","同洲                                      "
"35589606","M177908","C10135","IPADMINI(A1601)","苹果                                "
"01226300","M177916","C10135","IPHONE3GS(A1303)","苹果                               "
"99000190","M177920","C10135","IPHONE4S(A1387)","苹果                                "
"99000109","M177920","C10135","IPHONE4S(A1387)","苹果                                "
"01319300","M177920","C10135","IPHONE4S(A1387)","苹果                                "
"01317600","M177920","C10135","IPHONE4S(A1387)","苹果                                "
"99000107","M177920","C10135","IPHONE4S(A1387)","苹果                                "
"99000193","M177920","C10135","IPHONE4S(A1387)","苹果                                "
"01317300","M177920","C10135","IPHONE4S(A1387)","苹果                                "
"35880505","M177927","C10135","IPHONE5S(A1453)","苹果                                "
"35875205","M177929","C10135","IPHONE5S(A1533)","苹果                                "
"86777502","M179872","C10019","NAMO X9008","夏朗                                     "
"86749101","MC00198","C10333","COOLPAD 8150","酷派                                   "
"35958407","M181026","C10385","SM-G9350","三星                                       "
"35195208","M181026","C10385","SM-G9350","三星                                       "
"86751502","M179605","C10035","2015051","小米                                        "
"35334307","M179619","C10135","A1700","苹果                                          "
"01295900","MC00045","C10135","A1332","苹果                                          "
"01295800","MC00045","C10135","A1332","苹果                                          "
"01284100","MC00045","C10135","A1332","苹果                                          "
"01265000","MC00045","C10135","A1332","苹果                                          "
"01283600","MC00045","C10135","A1332","苹果                                          "
"01296400","MC00045","C10135","A1332","苹果                                          "
"01274400","MC00045","C10135","A1332","苹果                                          "
"01296200","MC00045","C10135","A1332","苹果                                          "
"01243100","MC00045","C10135","A1332","苹果                                          "
"01313500","MC00046","C10135","A1431","苹果                                          "
"01313600","MC00046","C10135","A1431","苹果                                          "
"01360800","MC00046","C10135","A1431","苹果                                          "
"86764102","M179774","C10150","HUAWEI TIT-AL00","华为                                "
"35928706","M100148","C10135","A1586","苹果                                          "
"86611901","M103910","C10741","K-TOUCH W760","天语                                   "
"86612202","M102876","C10078","HMI H5","黑米                                         "
"86104800","M108259","C10722","CALLBAR T61","闻讯                                    "
"86665402","M104731","C10038","M460","魅族                                           "
"35947805","M106197","C10385","SM-G7106","三星                                       "
"86476801","M102771","C10292","HAIFAN T6","海帆                                      "
"35224606","M103173","C10336","HTC D816W","宏达                                      "
"86592401","M108833","C10129","VIVO E3","维沃                                        "
"86306202","M101252","C10333","COOLPAD 5951","酷派                                   "
"35506006","M106199","C10385","SM-G7108V","三星                                      "
"35210506","M106208","C10385","SM-G9008W","三星                                      "
"35433207","M106216","C10385","SM-G9250","三星                                       "
"35985005","M106224","C10385","SM-N9008V","三星                                      "
"86497502","M101269","C10333","COOLPAD 7105","酷派                                   "
"35378006","M103200","C10336","HTC M8W","宏达                                        "
"86707502","M105382","C10235","OPPO 3007","欧珀                                      "
"86605102","M105406","C10235","OPPO R8007","欧珀                                     "
"86322402","M105430","C10235","OPPO R827T","欧珀                                     "
"86291002","M105436","C10235","OPPO R833T","欧珀                                     "
"86732601","M109058","C10305","金立 GN868H","金立                                    "
"86324202","M104232","C10132","L866","鑫业时代                                       "
"86663802","M104264","C10725","LA7-L","电意                                          "
"35478206","M106229","C10385","SM-N9108V","三星                                      "
"86608302","M100351","C10491","AUX I6L","奥克斯                                      "
"86542202","M101371","C10333","COOLPAD 8705","酷派                                   "
"86084302","M101388","C10333","COOLPAD 8750","酷派                                   "
"86522002","M101417","C10333","COOLPAD T1","酷派                                     "
"86760002","M103322","C10150","HUAWEI MT7-TL10","华为                                "
"35745804","M103330","C10150","HUAWEI P7-L00","华为                                  "
"86152201","M103384","C10150","HUAWEI Y320-U01","华为                                "
"35465805","M106074","C10385","SCH-I829","三星                                       "
"35559506","M106156","C10385","SM-A3009","三星                                       "
"35182407","M106157","C10385","SM-A5000","三星                                       "
"86955601","M105542","C10012","P8","强者                                             "
"86496801","M105552","C10723","P889","大显                                           "
"86558502","M105564","C10150","PE-UL00","华为                                        "
"86206802","M106364","C10262","SW-S8018","三沃                                       "
"86498702","M104019","C10318","KINGSUN-S5","广信                                     "
"86079302","M104439","C10231","LENOVO A208T","联想                                   "
"35935805","M106169","C10385","SM-G3502I","三星                                      "
"86720301","M106513","C10322","T-SMART D28","天迈                                    "
"86203602","M106532","C10322","T-SMART L808","天迈                                   "
"86375602","M108890","C10129","VIVO Y20T","维沃                                      "
"86785702","M108894","C10129","VIVO Y23L","维沃                                      "
"86592302","M108909","C10129","VIVO Y927","维沃                                      "
"35425405","M102502","C10385","GT-I8160","三星                                       "
"35774505","M102506","C10385","GT-I8262D","三星                                      "
"35340106","M102509","C10385","GT-I8552","三星                                       "
"35191005","M102513","C10385","GT-I9050","三星                                       "
"35708305","M102521","C10385","GT-I9128E","三星                                      "
"35779006","M105829","C10390","RM-1113","微软                                        "
"86980901","M107728","C10221","XT9300","禧泰                                         "
"86957901","M100017","C10035","2012052","小米                                        "
"86599002","M101661","C10786","DOOV T20","朵唯                                       "
"86540602","M101675","C10738","DS 525","虹米                                         "
"86570202","M101677","C10738","DS 535","虹米                                         "
"86329901","M100727","C10197","BEST SONNY T858","华森                                "
"86320502","M104493","C10231","LENOVO A398T+","联想                                  "
"86318402","M104552","C10231","LENOVO A788T","联想                                   "
"86266302","M100024","C10035","2013021","小米                                        "
"86459502","M100030","C10035","2013061","小米                                        "
"86469002","M100031","C10035","2013062","小米                                        "
"86724402","M100054","C10035","2014811","小米                                        "
"35972601","M160307","C10385","SGH-F218","三星                                       "
"35580702","M158931","C10107","S8555","金鹏                                          "
"86059301","M164432","C10242","SUNUPMCT999","三普                                    "
"86193900","M164449","C10242","SUNUPOK111","三普                                     "
"86843100","M136308","C10036","HS-T30","海信                                         "
"35431605","M102535","C10385","GT-I9300","三星                                       "
"35506505","M102537","C10385","GT-I9308","三星                                       "
"35774705","M102539","C10385","GT-I9500","三星                                       "
"86577302","M108055","C10199","ZTE N918ST","中兴                                     "
"99000227","M100136","C10135","A1429","苹果                                          "
"86245802","M105927","C10023","S4","果冻                                             "
"99000230","M100136","C10135","A1429","苹果                                          "
"99000279","M100136","C10135","A1429","苹果                                          "
"01355100","M100136","C10135","A1429","苹果                                          "
"99000286","M100136","C10135","A1429","苹果                                          "
"01347700","M100136","C10135","A1429","苹果                                          "
"01347300","M100136","C10135","A1429","苹果                                          "
"01335300","M100136","C10135","A1429","苹果                                          "
"86016602","M103490","C10336","HAIPAI NOBLE H6","宏达                                "
"86113002","M105026","C10438","MZT002","明智通                                       "
"86448402","M105127","C10791","NFT N1","南俘电讯                                     "
"86329002","M107217","C10561","UNC-E7","友利通                                       "
"35924606","M100140","C10135","A1524","苹果                                          "
"35204307","M100140","C10135","A1524","苹果                                          "
"35437806","M100140","C10135","A1524","苹果                                          "
"35802605","M100142","C10135","A1528","苹果                                          "
"86885700","M128608","C10526","FDTC876","锋达通                                      "
"86676802","M103704","C10789","JXD-T3","金星数码                                     "
"86416002","M105178","C10428","NOAIN M8","微兴                                       "
"86266602","M107483","C10119","VOTO VT818","άͼ                                     "
"35204406","M100144","C10135","A1530","苹果                                          "
"35695606","M100148","C10135","A1586","苹果                                          "
"35573502","M110071","C10529","1200","诺基亚                                         "
"35767401","M111431","C10529","6120C","诺基亚                                        "
"86822302","M181881","C10305","GIONEE F103S","金立                                   "
"86145103","M181895","C10150","HUAWEI NXT-AL10","华为                                "
"86923102","M181895","C10150","HUAWEI NXT-AL10","华为                                "
"35753806","M162225","C10385","SM-G720N0","三星                                      "
"35568306","M162243","C10385","SM-G800Y","三星                                       "
"35328506","M162270","C10385","SM-G900H","三星                                       "
